Date,Algoritmo Gen√©tico,Markowitz,IBOV
2020-02-07,,,-0.012327458980814332
2020-02-10,,,-0.022745029950516527
2020-02-11,,,0.0015713169545967798
2020-02-12,,,0.01288306276586515
2020-02-13,,,0.004097577914749628
2020-02-14,,,-0.007023179095407506
2020-02-17,,,0.0010330757878289631
2020-02-18,,,-0.0018491188471220221
2020-02-19,,,0.011528778539803941
2020-02-20,,,-0.005243510721416711
2020-02-21,,,-0.013100095494400499
2020-02-26,,,-0.08222936018751614
2020-02-27,,,-0.10596405938015441
2020-02-28,,,-0.09565066412014911
2020-03-02,,,-0.07435541279624935
2020-03-03,,,-0.0838006771421127
2020-03-04,,,-0.06915530862053965
2020-03-05,,,-0.11248372254535954
2020-03-06,,,-0.1492577480684084
2020-03-09,,,-0.25282576612553154
2020-03-10,,,-0.1994617588332318
2020-03-11,,,-0.26060421911624254
2020-03-12,,,-0.36988453858841897
2020-03-13,,,-0.2822467228057989
2020-03-16,,,-0.38216859102352607
2020-03-17,,,-0.3522267557947736
2020-03-18,,,-0.4192638249848075
2020-03-19,,,-0.40678878374858907
2020-03-20,,,-0.41775327719420063
2020-03-23,,,-0.44812917788002404
2020-03-24,,,-0.3946609948780273
2020-03-25,,,-0.3492837919958326
2020-03-26,,,-0.325375466620366
2020-03-27,,,-0.36254015105477877
2020-03-30,,,-0.3520270856845209
2020-03-31,,,-0.3660908064936189
2020-04-01,,,-0.3839135341609511
2020-04-02,,,-0.37274937060508684
2020-04-03,,,-0.3963191249240382
2020-04-06,,,-0.35694938796770515
2020-04-07,,,-0.3371125965795637
2020-04-08,,,-0.31743206875596786
2020-04-09,,,-0.32561854327632556
2020-04-13,,,-0.3156003125271286
2020-04-14,,,-0.3062071360361138
2020-04-15,,,-0.3156437190728357
2020-04-16,,,-0.32448997308794125
2020-04-17,,,-0.3142633909193503
2020-04-20,,,-0.3144109731747544
2020-04-22,,,-0.2995312093063631
2020-04-23,,,-0.30833405677576153
2020-04-24,,,-0.3460283010678008
2020-04-27,,,-0.32078305408455576
2020-04-28,,,-0.2941053910929766
2020-04-29,,,-0.27796683739907946
2020-04-30,,,-0.3011025262609598
2020-05-04,,,-0.3152530601614719
2020-05-05,,,-0.3100876812223279
2020-05-06,,,-0.31362097404288525
2020-05-07,,,-0.3218248111815257
2020-05-08,,,-0.3032120843823244
2020-05-11,,,-0.3136122927337438
2020-05-12,,,-0.3239690945394561
2020-05-13,,,-0.32483722545359794
2020-05-14,,,-0.3140810834273804
2020-05-15,,,-0.32670370691900297
2020-05-18,,,-0.2951297855716637
2020-05-19,,,-0.29905373730358487
2020-05-20,,,-0.2940446219289864
2020-05-21,,,-0.27921694591544366
2020-05-22,,,-0.2866307839222151
2020-05-25,,,-0.25633301501866446
2020-05-26,,,-0.2580171889920997
2020-05-27,,,-0.23651358624880592
2020-05-28,,,-0.2451688514628002
2020-05-29,,,-0.24122753711259615
2020-06-01,,,-0.23066238388748972
2020-06-02,,,-0.20960152791040843
2020-06-03,,,-0.19262088722979387
2020-06-04,,,-0.1854414445698408
2020-06-05,,,-0.17842694678357462
2020-06-08,,,-0.15231356888618774
2020-06-09,,,-0.16010938449518164
2020-06-10,,,-0.17800156263564526
2020-06-12,,,-0.19441791822206778
2020-06-15,,,-0.19805538675232215
2020-06-16,,,-0.18802847469398376
2020-06-17,,,-0.17052695546488394
2020-06-18,,,-0.16550915878114403
2020-06-19,,,-0.16162861359492986
2020-06-22,,,-0.1723587116937232
2020-06-23,,,-0.1668113551523568
2020-06-24,,,-0.18068408716034368
2020-06-25,,,-0.16674190467922545
2020-06-26,,,-0.1853980380241339
2020-06-29,,,-0.16889486934629727
2020-06-30,,,-0.17478947825332047
2020-07-01,,,-0.16483201666811342
2020-07-02,,,-0.16455421477558796
2020-07-03,,,-0.15995312093063607
2020-07-06,,,-0.14109731747547494
2020-07-07,,,-0.15130653702578312
2020-07-08,,,-0.1338657869606733
2020-07-09,,,-0.1391613855369387
2020-07-10,,,-0.1315912839656217
2020-07-13,,,-0.14318083166941542
2020-07-14,,,-0.128049309835923
2020-07-15,,,-0.11632086118586649
2020-07-16,,,-0.1270683219029426
2020-07-17,,,-0.10679746505773025
2020-07-20,,,-0.0934456115982285
2020-07-21,,,-0.09445264345863302
2020-07-22,,,-0.09462626964146137
2020-07-23,,,-0.11196284399687417
2020-07-24,,,-0.111190207483288
2020-07-27,,,-0.09300286483201625
2020-07-28,,,-0.09619758659605826
2020-07-29,,,-0.08321034812049621
2020-07-30,,,-0.08838440836878159
2020-07-31,,,-0.10658911363833623
2020-08-03,,,-0.1073009809879325
2020-08-04,,,-0.12131261394218196
2020-08-05,,,-0.10754405764389208
2020-08-06,,,-0.0960500043406538
2020-08-07,,,-0.10776977168156887
2020-08-10,,,-0.10197065717510123
2020-08-11,,,-0.11299591978470269
2020-08-12,,,-0.11348207309662206
2020-08-13,,,-0.12786700234395254
2020-08-14,,,-0.1201232745898072
2020-08-17,,,-0.13538501606042097
2020-08-18,,,-0.1139421824811172
2020-08-19,,,-0.12445524785137507
2020-08-20,,,-0.11912492403854413
2020-08-21,,,-0.1186648146540491
2020-08-24,,,-0.11191943745116684
2020-08-25,,,-0.11348207309662217
2020-08-26,,,-0.12642590502647721
2020-08-27,,,-0.12645194895390144
2020-08-28,,,-0.11326504036808671
2020-08-31,,,-0.13734699192638167
2020-09-01,,,-0.11304800763955125
2020-09-02,,,-0.11527910408889586
2020-09-03,,,-0.12560986196718393
2020-09-04,,,-0.12108689990450483
2020-09-08,,,-0.1314350204010758
2020-09-09,,,-0.12065283444743402
2020-09-10,,,-0.14198281100789933
2020-09-11,,,-0.14608038892264885
2020-09-14,,,-0.12948172584425655
2020-09-15,,,-0.12928205573400386
2020-09-16,,,-0.13468183001996625
2020-09-17,,,-0.13101831756228755
2020-09-18,,,-0.14671412448997223
2020-09-21,,,-0.15799114506467493
2020-09-22,,,-0.1553607083948252
2020-09-23,,,-0.16889486934629672
2020-09-24,,,-0.15780883757270536
2020-09-25,,,-0.15792169459154382
2020-09-28,,,-0.17817518881847327
2020-09-29,,,-0.18760309054605384
2020-09-30,,,-0.17872211129438276
2020-10-01,,,-0.1711172844865002
2020-10-02,,,-0.18381803976039546
2020-10-05,,,-0.16582168591023494
2020-10-06,,,-0.16993662644326724
2020-10-07,,,-0.1707092629568534
2020-10-08,,,-0.14992620887229746
2020-10-09,,,-0.1537199409670974
2020-10-13,,,-0.14486500564285043
2020-10-14,,,-0.1376508377463317
2020-10-15,,,-0.14008160430592886
2020-10-16,,,-0.14654917961628566
2020-10-19,,,-0.14351940272593067
2020-10-20,,,-0.12718117892178094
2020-10-21,,,-0.12707700321208393
2020-10-22,,,-0.1152183349249063
2020-10-23,,,-0.1209306363399596
2020-10-26,,,-0.1230401944613243
2020-10-27,,,-0.13528952165986585
2020-10-28,,,-0.17207222849205617
2020-10-29,,,-0.1615418005035154
2020-10-30,,,-0.18437364354544616
2020-11-03,,,-0.1701797030992268
2020-11-04,,,-0.15087247156871197
2020-11-05,,,-0.1251497525826888
2020-11-06,,,-0.12493271985415333
2020-11-09,,,-0.09789912318777594
2020-11-10,,,-0.08541540064241604
2020-11-11,,,-0.09252539282923777
2020-11-12,,,-0.11298723847556136
2020-11-13,,,-0.09269901901206623
2020-11-16,,,-0.07604826807882537
2020-11-17,,,-0.06911190207483198
2020-11-18,,,-0.07558815869433022
2020-11-19,,,-0.07529299418352209
2020-11-23,,,-0.06780970570361933
2020-11-24,,,-0.04691379460022482
2020-11-25,,,-0.043901380328152606
2020-11-26,,,-0.043085337268859325
2020-11-27,,,-0.04006424168764566
2020-11-30,,,-0.05470961020921872
2020-12-01,,,-0.03346644674016763
2020-12-02,,,-0.02930809966142811
2020-12-03,,,-0.019715253060160642
2020-12-04,,,-0.013091414185258277
2020-12-07,,,-0.013586248806319201
2020-12-08,,,-0.01405503949995579
2020-12-09,,,-0.0214254709610201
2020-12-10,,,-0.0017188992100000133
2020-12-11,,,0.0011546141158094159
2020-12-14,,,-0.001866481465404246
2020-12-15,,,0.00829933153919682
2020-12-16,0.00882401099231278,0.0056048315337424714,0.0239343693028915
2020-12-17,0.01694394180622738,0.013057127719374506,0.02575744422258941
2020-12-18,0.010308409154472509,0.004239078479831182,0.021607778452991333
2020-12-21,-0.018217811218204316,-0.028076221542348234,0.007170761350812294
2020-12-22,-0.006093885650907183,-0.022078140276906022,0.010052955985763168
2020-12-23,0.016378245601852637,0.010642791127729145,0.02315305148016389
2020-12-28,0.02807432223362727,0.022163345825099157,0.033518534595017746
2020-12-29,0.028948458591235626,0.022694032591813462,0.03719940967097912
2020-12-30,0.03705257899197911,0.03481932352695072,0.03573226842607946
2021-01-04,0.031972574789543406,0.02766019779226636,0.029238649188298327
2021-01-05,0.044510747250114946,0.043381042790102464,0.03501171976734163
2021-01-06,0.05246498942534039,0.05918852991056389,0.04046358190815247
2021-01-07,0.06918214720784199,0.06861192765840185,0.05873773765083845
2021-01-08,0.08445115560416627,0.08268715018949258,0.08583210348120551
2021-01-11,0.07004450574725718,0.06900382431671481,0.06612553173018543
2021-01-12,0.08689213654102512,0.09210484037225575,0.07646497091761484
2021-01-13,0.07780469119533517,0.08290114241957736,0.05946696761871739
2021-01-14,0.09702112191433088,0.11039175403913415,0.0719767340915014
2021-01-15,0.06996380228527666,0.0738778208202957,0.04611511415921554
2021-01-18,0.06489454858866828,0.06200659342700221,0.05253928292386534
2021-01-19,0.0700081856619934,0.06751054981549909,0.047599618022398316
2021-01-20,0.05243227918704707,0.044513977470397315,0.03922215470092949
2021-01-21,0.04170004034367003,0.033400955708694724,0.028240298637034922
2021-01-22,0.029327402848944528,0.019141548683293985,0.017206354718291905
2021-01-26,0.02224226971977039,0.00947556074048439,0.011059987846167685
2021-01-27,0.021245357534245946,0.01426511871103564,0.006007465925861988
2021-01-28,0.049877966861066936,0.04771867357786075,0.035801718899210355
2021-01-29,0.020359667584829877,0.014287406697235161,0.007092629568539177
2021-02-01,0.042822266339521686,0.037916471383570016,0.01888184738258536
2021-02-02,0.07078958176471906,0.07859890660870605,0.026425905026477903
2021-02-03,0.08025575786603545,0.08592527596203103,0.039369736956332835
2021-02-04,0.07408385311823418,0.07640334200569776,0.035341609514714545
2021-02-05,0.08287186319388318,0.08376114884579433,0.041105998784616515
2021-02-08,0.07977514077832204,0.08207890231686443,0.03755534334577626
2021-02-09,0.07314244445910068,0.06976841539802003,0.03680006945047287
2021-02-10,0.07493680577813078,0.07271611702934089,0.028127441618195803
2021-02-11,0.09153974331526404,0.08965950799125788,0.03511589547703786
2021-02-12,0.09708884528208661,0.09544597328861881,0.03408281968920912
2021-02-17,0.14407948722890418,0.16374535751158636,0.04515148884451792
2021-02-18,0.1328758853477987,0.14792756181751932,0.03429117110860336
2021-02-19,0.11338408047804771,0.12737795003752872,0.030888097925167335
2021-02-22,0.06154218110461618,0.07908843957071987,-0.021894261654657354
2021-02-23,0.08434043535839342,0.10085523901782367,0.00032120843823268963
2021-02-24,0.10015455742609225,0.1252925496572419,0.004149665769598299
2021-02-25,0.060207575779894995,0.08046554788130478,-0.025470961020921723
2021-02-26,0.04351166167170217,0.0663829546342023,-0.04475214862401222
2021-03-01,0.04573358563342378,0.06710248298797605,-0.0421477558815867
2021-03-02,0.05207197835427246,0.07474910169680271,-0.03168677836617728
2021-03-03,0.04610196908152986,0.06651328523228806,-0.03477732442052228
2021-03-04,0.07088199063534728,0.09315602050372784,-0.021703272853546007
2021-03-05,0.08825579067025435,0.11106590680923478,0.00010417570969734058
2021-03-08,0.04717708260660114,0.06588283171456166,-0.03974303324941364
2021-03-09,0.061339913866788276,0.07768147203530229,-0.033501171976733746
2021-03-10,0.09242258295675376,0.1290289431820033,-0.020956680267383954
2021-03-11,0.0991786154732397,0.13633233201022832,-0.0017883496831317958
2021-03-12,0.10526374755718426,0.1492569468376319,-0.008941748415660644
2021-03-15,0.11788112727216493,0.16520308490933044,-0.0029429637989405455
2021-03-16,0.1046609258004052,0.14193540711902353,-0.010165813004600732
2021-03-17,0.13541870699099978,0.17535007398083868,0.011797899123188182
2021-03-18,0.10990544463824659,0.14427531979053798,-0.003081864745203111
2021-03-19,0.13993353065509884,0.18300646482852811,0.008959111033944422
2021-03-22,0.10986580549965486,0.14138249780739431,-0.001831756228838799
2021-03-23,0.09601680855892658,0.12722298213609484,-0.016737564024654428
2021-03-24,0.08713054500446216,0.11691652102678352,-0.027137772376073732
2021-03-25,0.10526893379171809,0.13503183062445556,-0.012501085163642123
2021-03-26,0.11778013374076801,0.14748638121969826,-0.0035506554388395895
2021-03-29,0.12974246744166384,0.16169695825682218,0.001988019793385254
2021-03-30,0.15126578136848234,0.19404840135724633,0.01441097317475526
2021-03-31,0.15422783833247333,0.1941387625740283,0.012535810400208902
2021-04-01,0.1446087928899309,0.1816633017460214,0.0005469224759098168
2021-04-05,0.15928136261057046,0.20000932262423077,0.020210087681222788
2021-04-06,0.16155268930507805,0.20111004049818137,0.020045142807535887
2021-04-07,0.16780811356944292,0.2137750382716972,0.0211303064502133
2021-04-08,0.18520999507197256,0.2421456932596977,0.027111728448650618
2021-04-09,0.18232140865185764,0.2385114589416899,0.02152964667071844
2021-04-12,0.1966351470248231,0.25244705897417496,0.031443701710218264
2021-04-13,0.19769303924256731,0.2536359966994237,0.035654136643806345
2021-04-14,0.21295469510161036,0.27507963464129026,0.04431808316694208
2021-04-15,0.2097813374896207,0.26324312084008983,0.04784269467835811
2021-04-16,0.20156483233570066,0.2534995804635227,0.05142807535376415
2021-04-19,0.2119068287572643,0.26450961939545325,0.04986543970830892
2021-04-20,0.20366236899471657,0.2532580030493219,0.04229533813699193
2021-04-22,0.20125658441450356,0.2539947845907846,0.036296553520271724
2021-04-23,0.20943045280131733,0.26335290239641296,0.04635819081517578
2021-04-26,0.21449849748369365,0.27518692650692667,0.046922475909368044
2021-04-27,0.19509104636273733,0.2522118485367122,0.036444135775675957
2021-04-28,0.20336037402314755,0.2677239687964754,0.050898515496137664
2021-04-29,0.18988218148278002,0.24713105078842568,0.04233006337355749
2021-04-30,0.18769298939298484,0.24742756240467423,0.03215556905981498
2021-05-03,0.19109186607932083,0.25911350258031063,0.034890181439361845
2021-05-04,0.18504657405896086,0.25424966113729264,0.021894261654658465
2021-05-05,0.2033224122219961,0.27224969149579836,0.03797204618456562
2021-05-06,0.19826967670375129,0.2671513184404162,0.04107127354805207
2021-05-07,0.23232234636708515,0.31181031402149917,0.059449605000434946
2021-05-10,0.2262107581877153,0.29986325923481183,0.05832971612119198
2021-05-11,0.23069065840195124,0.3041777493977922,0.06748849726538841
2021-05-12,0.1981637722990146,0.2635509904582938,0.03923951731921238
2021-05-13,0.20244855953398622,0.26563721733610923,0.047886101224065225
2021-05-14,0.23434349127521958,0.3091854716635334,0.05808663946523218
2021-05-17,0.2452448815601178,0.3219023679468007,0.06726278322771173
2021-05-18,0.2421341496587579,0.3230701774983329,0.06762739821165131
2021-05-19,0.2402288179395453,0.31882697694226936,0.06464102786700332
2021-05-20,0.2354344091184597,0.3145555646030902,0.06520531296119536
2021-05-21,0.2483287076861278,0.33286021902954,0.06425905026478085
2021-05-24,0.2681844147588428,0.3606654614824454,0.07676013542842353
2021-05-25,0.26382187157551895,0.3579903425417874,0.06769684868478265
2021-05-26,0.2590989442288467,0.35171581846702704,0.07638683913534239
2021-05-27,0.2749150987711775,0.3799245107542517,0.07966837399079862
2021-05-28,0.2861171142455119,0.39156606027667706,0.09003385710565226
2021-05-31,0.28106798970435865,0.38543944203094105,0.09572011459328134
2021-06-01,0.30257117855334936,0.4147145947693691,0.11352547964233084
2021-06-02,0.3193070785573797,0.43682476661361047,0.125106346036983
2021-06-04,0.31295450902572086,0.42490055956532635,0.12966403333622756
2021-06-07,0.31408998715799696,0.42417650889459635,0.13530688427814952
2021-06-08,0.3121527584874231,0.42819254766329795,0.12672106953728668
2021-06-09,0.3094065064051361,0.4195375186522865,0.12776282663425698
2021-06-10,0.3484462934465715,0.4881097341578411,0.12922996787915686
2021-06-11,0.35462841106507925,0.504253977153537,0.12371733657435602
2021-06-14,0.3593064713696348,0.5080401339504199,0.13037590068582405
2021-06-15,0.3649151609929613,0.5170730652057558,0.1293601875162782
2021-06-16,0.3504653181265964,0.49622363283724846,0.1221373383106179
2021-06-17,0.3234849402295792,0.464738994313874,0.11170240472263271
2021-06-18,0.32041960947074233,0.45889951453961997,0.11472350030384626
2021-06-21,0.33560045666645855,0.47516159322898566,0.12218942616546613
2021-06-22,0.3273966476275274,0.464704537497306,0.1178661342130396
2021-06-23,0.320092992374861,0.45648208566430526,0.11492317041409872
2021-06-24,0.33383763321476967,0.46585783862635877,0.1243510721416794
2021-06-25,0.30792565950031436,0.4370493410251459,0.10474867610035643
2021-06-28,0.31502689822517516,0.43282952325579505,0.10625054258182187
2021-06-29,0.31031413124543494,0.42447148094002474,0.10536504904939714
2021-06-30,0.31842348046964863,0.4406057717465621,0.10080736175015237
2021-07-01,0.3140392078438343,0.4340453196397198,0.09094539456550099
2021-07-02,0.3300412243165234,0.45477588783406975,0.10792603524611577
2021-07-05,0.3249517024806394,0.45015161315513175,0.10183175622884
2021-07-06,0.29573494642159415,0.41265848863395127,0.08598836704575108
2021-07-07,0.3059683484818134,0.4168323713874511,0.10269120583384028
2021-07-08,0.2853615808344716,0.3885786552918158,0.08887924298984351
2021-07-12,0.3165042590594449,0.4356338049371473,0.10768295859015597
2021-07-13,0.3072582055546236,0.4209051238950885,0.11266603003733033
2021-07-14,0.30312677356350215,0.41266790124215547,0.11474086292212937
2021-07-15,0.2804960494681392,0.38614068827616266,0.10658911363833723
2021-07-16,0.2605569555627325,0.3592441297283002,0.09349769945307806
2021-07-19,0.24598200208765575,0.3418402757820511,0.07991145064675798
2021-07-20,0.2834849964026651,0.3912467142417635,0.08864484764302505
2021-07-21,0.2968773754532239,0.4102656918215264,0.09322857886969405
2021-07-22,0.29967904981592564,0.41115883156760535,0.09512110426252329
2021-07-23,0.28801705924431675,0.3983282085616746,0.0856237520618115
2021-07-26,0.3052332624068519,0.42109135348672067,0.09387967705530031
2021-07-27,0.2954537061934146,0.4082082597408436,0.08179529473044567
2021-07-28,0.31743606699919713,0.4336377150551809,0.09632780623318027
2021-07-29,0.3141824857511075,0.43082039755611157,0.09102352634777366
2021-07-30,0.28340625595543734,0.3951341955825587,0.057392134733918354
2021-08-02,0.29130299893083,0.4004190031879187,0.06359927077003258
2021-08-03,0.3003508726800952,0.41100558080816585,0.07281013976907769
2021-08-04,0.2721125169067311,0.37365417103496634,0.057392134733918354
2021-08-05,0.2943280639182957,0.4088071599644856,0.05593367479816003
2021-08-06,0.310472919869218,0.42845205026036437,0.06615157565760965
2021-08-09,0.3128321478724936,0.4235814212925326,0.06796596926816623
2021-08-10,0.31975439370700043,0.4396632746413427,0.06087333969962727
2021-08-11,0.3281635819765971,0.4533246283747687,0.05960586856498007
2021-08-12,0.3036598900982206,0.4256763742863541,0.04784269467835811
2021-08-13,0.32617999330261926,0.46116055902514064,0.05212258008507753
2021-08-16,0.2989745904793635,0.41816802519103313,0.034638423474260494
2021-08-17,0.27893628718365804,0.39173960028238985,0.023561073009810585
2021-08-18,0.2850590792318899,0.41062803285472804,0.012613942182481797
2021-08-19,0.3114656702109211,0.4430075049747879,0.017145585554302345
2021-08-20,0.3294932419639043,0.46202625888658266,0.02485458807188201
2021-08-23,0.36068434289847806,0.5088299207568288,0.01981074746071787
2021-08-24,0.3927558597298666,0.5585545808521322,0.04358885319906314
2021-08-25,0.4079401160947651,0.5750599732318034,0.048858407847904184
2021-08-26,0.3890902758481649,0.5542371477764829,0.030679746505773764
2021-08-27,0.4171263060228776,0.5945289170551651,0.04764302456810543
2021-08-30,0.4041620248729787,0.576304483685572,0.039499956593454844
2021-08-31,0.39784671279985395,0.5736678435280651,0.031174581126834466
2021-09-01,0.39783449515228475,0.5664291052120158,0.03651358624880685
2021-09-02,0.37621080850556843,0.5460847578355053,0.012909106693289818
2021-09-03,0.3671560066163939,0.5233520386143518,0.015131521833492867
2021-09-06,0.3735819615312661,0.527029002028383,0.023257227189860563
2021-09-08,0.3318233714660692,0.47848191610385093,-0.015426686344300444
2021-09-09,0.3634513357181428,0.5162421347808959,0.0014845038631827734
2021-09-10,0.35087355719017244,0.5021555138343365,-0.00784790346384212
2021-09-13,0.3828696126045754,0.5436054366141798,0.010539109297682314
2021-09-14,0.37677452165589576,0.5326979353275656,0.008603177359145953
2021-09-15,0.38183880647192736,0.547722884181121,-0.0011025262609599684
2021-09-16,0.37465604718198864,0.5411666772542196,-0.012119107561420095
2021-09-17,0.343748493782442,0.504917562563167,-0.03256359058946079
2021-09-20,0.3218610203702057,0.48038679787642713,-0.055091587811441856
2021-09-21,0.3335648881953459,0.4916790228441572,-0.04288566715860742
2021-09-22,0.37403463504548995,0.5455929676452953,-0.02524524698324493
2021-09-23,0.43051390063887274,0.6271651473859039,-0.009775154093237037
2021-09-24,0.44182150131785347,0.6429465868342135,-0.01655525653268486
2021-09-27,0.4543854043554043,0.6605973884663505,-0.013950863790259227
2021-09-28,0.4289761088697819,0.6311381637742228,-0.043979512110425945
2021-09-29,0.45903645362977996,0.668723425421214,-0.03544578522441166
2021-09-30,0.4596439680965403,0.6708851568629577,-0.03655699279451319
2021-10-01,0.48395670401351776,0.7124134842308083,-0.0198801979338481
2021-10-04,0.4717634821787755,0.7155674071981502,-0.04164423995138444
2021-10-05,0.468265924405737,0.7054177346460078,-0.04107995485719229
2021-10-06,0.46229252332160864,0.698273761215493,-0.04019446132476767
2021-10-07,0.4671621558067316,0.7119525347952271,-0.03997742859623221
2021-10-08,0.49546602975785725,0.750177859534809,-0.020461845646323473
2021-10-11,0.516130213298881,0.7910133903569232,-0.02613074051566977
2021-10-13,0.532939813547781,0.8069214858325833,-0.015053390051219862
2021-10-14,0.5382337324926016,0.818898945496237,-0.017406024828544253
2021-10-15,0.5349513880684,0.8054298767047556,-0.004705269554649005
2021-10-18,0.5349904843083093,0.8062961568958225,-0.006615157565761143
2021-10-19,0.492766137586341,0.7553473877655914,-0.03921347339178771
2021-10-20,0.49950693114797584,0.7630874666272518,-0.03823248545880742
2021-10-21,0.4594304789494956,0.704319770865528,-0.06471915964927533
2021-10-22,0.45112757536411285,0.6891333416232059,-0.07721156350377656
2021-10-25,0.48073478792081525,0.7244155766775859,-0.05621147669068516
2021-10-26,0.456796050028929,0.6924357115666544,-0.07613508117024059
2021-10-27,0.4465305919257647,0.6727883543103146,-0.0766299157913014
2021-10-28,0.4303777749594042,0.6511560002798904,-0.0823422172063547
2021-10-29,0.40694529643334576,0.6163622282685703,-0.10147582255404108
2021-11-01,0.41942092610147674,0.6360939500357987,-0.08367913881413303
2021-11-03,0.41444829324489585,0.6261183407734403,-0.08310617241079932
2021-11-04,0.392482351538314,0.5951222452538463,-0.10224845906762714
2021-11-05,0.4375934444671745,0.6644351263769561,-0.08999045055994415
2021-11-08,0.4360665029250832,0.6637779703026012,-0.09036374685302517
2021-11-09,0.44420407587792443,0.6788247403757206,-0.08381803976039548
2021-11-10,0.4367336007803191,0.6611047253161206,-0.08005903290216132
2021-11-11,0.4496828564170743,0.6742712147079775,-0.064805972740689
2021-11-12,0.43470786326052413,0.6498396010138834,-0.07707266255751344
2021-11-16,0.4262678457637836,0.6337695920679671,-0.09273374424863245
2021-11-17,0.4001271589444739,0.5977574413790416,-0.10630263043666954
2021-11-18,0.3994900348271193,0.5976137174495493,-0.1099574615852068
2021-11-19,0.3917468578828076,0.5825478475587325,-0.10552131261394182
2021-11-22,0.37964677860478524,0.5712858664514524,-0.11344734786005695
2021-11-23,0.41104738152237097,0.6107472151425541,-0.10006945047313087
2021-11-24,0.4114299699678594,0.6073958308399341,-0.09268165639378378
2021-11-25,0.4329903581293961,0.637733978228201,-0.08142199843736397
2021-11-26,0.37081278409651186,0.5501803132161505,-0.11256185432763222
2021-11-29,0.3949539104718496,0.5847378574178219,-0.10743988193419518
2021-11-30,0.3838656370190894,0.5629818824673622,-0.11524437885233041
2021-12-01,0.3661379253142327,0.5343073980703537,-0.12514107127354746
2021-12-02,0.43199246433194527,0.6226482623049168,-0.0930983592325717
2021-12-03,0.43354397310541515,0.6279381855175998,-0.08785484851115488
2021-12-06,0.4569403176196134,0.662491603837571,-0.0723239864571571
2021-12-07,0.4752336636322101,0.6850590075289305,-0.06625575136730544
2021-12-08,0.49042001003559177,0.7070488779045778,-0.06158520704922221
2021-12-09,0.47724598345476377,0.6888149973831796,-0.07725497004948267
2021-12-10,0.4973281189018832,0.7162660465570092,-0.06451948953902165
2021-12-13,0.4846979187915694,0.6968711876002409,-0.06777498046705355
2021-12-14,0.48679615335588067,0.6954420317749967,-0.07318343606215727
2021-12-15,0.4951816089192418,0.7047343670951698,-0.067887837485892
2021-12-16,0.4978229602652027,0.7058275141354355,-0.060578175188817474
2021-12-17,0.49225387078801663,0.6982385849605011,-0.06935497873079166
2021-12-20,0.46499637306250663,0.6645634617201488,-0.08828891396822547
2021-12-21,0.5119874543996394,0.7494339652118058,-0.0841218855803445
2021-12-22,0.5136176782774535,0.7565971910675342,-0.08634430072054766
2021-12-23,0.5245259241333833,0.7753319898125326,-0.08940880284746833
2021-12-27,0.5397151309696238,0.7970118257892533,-0.08385276499696048
2021-12-28,0.537200374118012,0.7961526908654875,-0.08964319819428657
2021-12-29,0.5304900389583576,0.7895759248651792,-0.09621494921434037
2021-12-30,0.5396231014211925,0.8017055182418611,-0.09000781317822604
2022-01-03,0.5345826366024136,0.806131786048631,-0.09782099140550271
2022-01-04,0.5409058551692163,0.8135096233686958,-0.10136296553520152
2022-01-05,0.4810051662185586,0.7276600725431377,-0.1231356888618792
2022-01-06,0.4803386234019005,0.7277387262281441,-0.11831756228839185
2022-01-07,0.4835393916953221,0.7387852820231597,-0.10826460630262913
2022-01-10,0.48091931482738204,0.732516414687933,-0.11498393957808706
2022-01-11,0.5066385265400508,0.7636384508870473,-0.09906241861272558
2022-01-12,0.5292400217430855,0.7818419429935308,-0.0825071620800405
2022-01-13,0.5327143207448999,0.7817165476424366,-0.08386144630610182
2022-01-14,0.5491740840711881,0.7991920263437879,-0.07172497612639872
2022-01-17,0.5371576832638292,0.7847367317146947,-0.07377376508377353
2022-01-18,0.5384095695531403,0.784429718826827,-0.07524958763781464
2022-01-19,0.5343912083966698,0.7725981750669586,-0.0623057557079596
2022-01-20,0.5424707005422913,0.7883939727960065,-0.052851810052954806
2022-01-21,0.5327618793217284,0.7727564004004475,-0.054240819515581795
2022-01-24,0.5237139624042662,0.7664439360805775,-0.06457157739386976
2022-01-25,0.5479191458398676,0.796591475801081,-0.0464015973608809
2022-01-26,0.5450122596278317,0.7910534525311446,-0.031400295164509595
2022-01-27,0.5604495274065149,0.7968590099388897,-0.02495876378157713
2022-01-28,0.5514760941604389,0.7779354643291876,-0.03222501953294443
2022-01-31,0.5536253541745093,0.7819416789392832,-0.02432502821425353
2022-02-01,0.5688137478202961,0.8061439224996334,-0.017735914575916834
2022-02-02,0.5417359884617883,0.7663340113663428,-0.02629568538935556
2022-02-03,0.5212107629244653,0.7334605181666762,-0.030332494140115185
2022-02-04,0.5351675699519913,0.7457410386020982,-0.02556645542147651
2022-02-07,0.5408977255040412,0.7492461979678029,-0.027728101397689775
2022-02-08,0.5467745123974814,0.7557766765200324,-0.02566194982203207
2022-02-09,0.5666887105937495,0.7866356884738246,-0.02369129264693015
2022-02-10,0.5710699197465734,0.7962246157173689,-0.015895477037936367
2022-02-11,0.5805307128532324,0.8014153847002092,-0.014046358190814234
2022-02-14,0.5748192411562534,0.7858002562815407,-0.012006250542580865
2022-02-15,0.5891194298397897,0.8030552853974606,-0.0046010938449507766
2022-02-16,0.5932171134352675,0.8164943150907518,-7.813178227167317e-05
2022-02-17,0.5780749820106297,0.7902288945873583,-0.014428335793036595
2022-02-18,0.5642659913597288,0.7747779171790983,-0.021026130740514737
2022-02-21,0.5583088804978729,0.7672110088729449,-0.030080736175014278
2022-02-22,0.5472382597704659,0.7356337937396689,-0.01994964840697888
2022-02-23,0.5360756900844643,0.7316896842891998,-0.02762392568799288
2022-02-24,0.5358918695899644,0.7294064900559085,-0.031235350290822916
2022-02-25,0.5512272258790818,0.7488317491558996,-0.01777932112162428
2022-03-02,0.5851501834229174,0.7980987845940919,-0.0001389009462617885
2022-03-03,0.5698915367793884,0.7733687042344091,-0.00020835141939312685
2022-03-04,0.5559618323076447,0.7437345272860638,-0.0062158173452546706
2022-03-07,0.4889038894858777,0.646924014797954,-0.03122666898168147
2022-03-08,0.5031429706432826,0.6706132807464313,-0.034612379546834715
2022-03-09,0.5360597211730123,0.7058782264578616,-0.011198888792428918
2022-03-10,0.49537006429816755,0.6333895754806762,-0.013256359058945066
2022-03-11,0.45911386562276246,0.5817511125662109,-0.030184911884711174
2022-03-14,0.4481167139175992,0.5683683455777304,-0.04568104870214329
2022-03-15,0.4505204866458272,0.577329761806767,-0.054093237260177784
2022-03-16,0.4753925418463152,0.6049529954483519,-0.03540237867870366
2022-03-17,0.5043411071727508,0.6419820804775573,-0.018352287524957767
2022-03-18,0.5341153191768615,0.6761356183942318,0.0010504384061127414
2022-03-21,0.5514982074212054,0.7054248978604067,0.008377463321469936
2022-03-22,0.5552259718655228,0.7077456595551301,0.01807448563243441
2022-03-23,0.5541162692588519,0.7108009170828553,0.01968052782359697
2022-03-24,0.5698058456144255,0.7274852187561573,0.03353589721330086
2022-03-25,0.5479504373706865,0.7064947754714515,0.03377897386926065
2022-03-28,0.5401241698002983,0.6903395458106598,0.030801284833753995
2022-03-29,0.565800398058137,0.7317704943180177,0.041878635298204125
2022-03-30,0.5689656472930316,0.7325858775434999,0.04401423734699317
2022-03-31,0.5646157538283356,0.7295759925407446,0.041748415661083005
2022-04-01,0.5778331955158298,0.7455102461842327,0.05538675232225154
2022-04-04,0.5770878122203795,0.747183418405331,0.05286917267124025
2022-04-05,0.5518335674730626,0.7125370972605463,0.03207743727754275
2022-04-06,0.5461448249708862,0.7035567377180303,0.026373817171630787
2022-04-07,0.5601189470321215,0.7246514720732773,0.03187776716729007
2022-04-08,0.5674071860742864,0.730913350679461,0.027189860230923957
2022-04-11,0.5495873545944354,0.7117083103768274,0.01530514801632199
2022-04-12,0.5381933398202394,0.69805304896125,0.008308012848338597
2022-04-13,0.5634733133589238,0.7369608256121558,0.013820644153139439
2022-04-14,0.5711135440366173,0.742733216635177,0.008611858668288397
2022-04-18,0.5599413485756004,0.7300254165263442,0.0043146106432860876
2022-04-19,0.5571325852493563,0.7325483651387272,-0.0011546141158075285
2022-04-20,0.5689523412429114,0.7456091928308928,-0.007344387533638974
2022-04-22,0.5332207490470702,0.7012391102758269,-0.035697543189511904
2022-04-25,0.543928716425909,0.7186973486887571,-0.03910929768208937
2022-04-26,0.5280842580401996,0.7046220109116281,-0.06056949387967592
2022-04-27,0.5406242605518998,0.7159401698523629,-0.05070752669502454
2022-04-28,0.5621727794994926,0.755648475453573,-0.04575918048441596
2022-04-29,0.5385875532398174,0.7343635322392701,-0.06349509506033402
2022-05-02,0.516191475256365,0.7023483027303958,-0.07423387446826879
2022-05-03,0.5206306963511333,0.7110428085403016,-0.0751974997829663
2022-05-04,0.5538448097275634,0.7564631708016141,-0.05943224238215028
2022-05-05,0.5295496320499085,0.7308430001096446,-0.08582342217206262
2022-05-06,0.5350200383035872,0.7412166196700514,-0.08729056341696229
2022-05-09,0.4933885595517038,0.6750787843377368,-0.10365483114853624
2022-05-10,0.49112600215895785,0.6771111280278046,-0.10487021442833477
2022-05-11,0.5116760842399426,0.7068081309386789,-0.09369736956332908
2022-05-12,0.5334066664919879,0.7340602130631466,-0.08248979946175772
2022-05-13,0.5597083838099122,0.7662529522244652,-0.07175970136296439
2022-05-16,0.5652185644403318,0.7685090105545935,-0.06039586769684746
2022-05-17,0.5812005158983913,0.7887740525302755,-0.05556905981421889
2022-05-18,0.5328227706962807,0.7300955336546231,-0.07763694765170481
2022-05-19,0.53152925151731,0.7296030549733046,-0.07105651532250945
2022-05-20,0.541948272820248,0.7366102687864575,-0.05818213386578586
2022-05-23,0.5730907823334124,0.7771490442784006,-0.04205226148103014
2022-05-24,0.5647358696686675,0.7539377552490505,-0.04001215383279666
2022-05-25,0.5713566149475737,0.7684407046655646,-0.040020835141938105
2022-05-26,0.5871799305215573,0.7811848312769716,-0.028648320166679953
2022-05-27,0.5772654489780851,0.767326654360962,-0.028196892091326142
2022-05-30,0.5581095605723365,0.7419533946419328,-0.036096883410017044
2022-05-31,0.5727254568043652,0.7619928261315752,-0.03332754579390462
2022-06-01,0.57429387363558,0.7614751539231488,-0.03324941401163173
2022-06-02,0.5879223429338041,0.7833663383683855,-0.024281621668546416
2022-06-03,0.5745031366926767,0.7682274082037872,-0.03548919177011778
2022-06-06,0.5707941423143592,0.7634713603660244,-0.04344127094365713
2022-06-07,0.5744439256686558,0.765453324914489,-0.044448302804061646
2022-06-08,0.5616086998917922,0.7581789353286392,-0.05922389096275604
2022-06-09,0.5458931705566357,0.7373211794887646,-0.07028387880892317
2022-06-10,0.5180884624131603,0.6958906179876985,-0.08428683045403129
2022-06-13,0.4753675028947917,0.6394243766380672,-0.10931504470874098
2022-06-14,0.47046119014170595,0.6383586465067896,-0.11395954509939987
2022-06-15,0.4773834387495479,0.6463590686135317,-0.10750065109818441
2022-06-17,0.42955966026903303,0.5887461461460439,-0.1333883149578945
2022-06-20,0.42812854798781386,0.5812282887837952,-0.1331452383019348
2022-06-21,0.42734658311446116,0.5848031169909695,-0.13460369823769314
2022-06-22,0.42503077648394183,0.583909669672634,-0.13601875162774435
2022-06-23,0.41299588061075365,0.5780100279875111,-0.14853719940966992
2022-06-24,0.43026127254331636,0.5986668736615177,-0.1433978643979501
2022-06-27,0.45930178977873615,0.6334226575907493,-0.12523656567410257
2022-06-28,0.46090404865432166,0.6336780744012538,-0.1267384321555679
2022-06-29,0.4397782934805834,0.6060106138966952,-0.1351506207136025
2022-06-30,0.42262275431987306,0.5778489654836405,-0.14452643458633452
2022-07-01,0.4431162005095999,0.6073369026606794,-0.14094973522007015
2022-07-04,0.44591490787594656,0.613064230626351,-0.1439447868738596
2022-07-05,0.4150452880131503,0.5698784495907825,-0.146670717944265
2022-07-06,0.40956765969007947,0.5591162108395034,-0.14298984286830352
2022-07-07,0.43082975759587105,0.5856497195663775,-0.1255317301849107
2022-07-08,0.4249874022690123,0.5821749077574001,-0.12936018751627631
2022-07-11,0.40744706636675,0.5584671160440078,-0.1473912666030026
2022-07-12,0.4114025231511633,0.5682404987707079,-0.1468790693636589
2022-07-13,0.40315611721842726,0.5628514669252087,-0.15026477992881215
2022-07-14,0.3896826520271419,0.547632161711378,-0.1655438840177088
2022-07-15,0.3926473487210247,0.550824792487153,-0.16181092108689876
2022-07-18,0.40993853633998034,0.576725366011158,-0.15864224325028098
2022-07-19,0.44192513067962125,0.6195771793392955,-0.1471047834013357
2022-07-20,0.4451652317671635,0.6258265773732867,-0.14674016841739623
2022-07-21,0.4492290910529244,0.6256449838603471,-0.140263911797898
2022-07-22,0.45398170294493645,0.6292610009061768,-0.14120149318517117
2022-07-25,0.48208218995386765,0.6628971699089912,-0.12952513238996322
2022-07-26,0.48497124990729334,0.6648972517332103,-0.13384842434238964
2022-07-27,0.5141868424140863,0.7000973248717761,-0.11938536331278637
2022-07-28,0.5172258609405513,0.6986650675175334,-0.10932372601788232
2022-07-29,0.5435668044419248,0.730218148951568,-0.10439274242555652
2022-08-01,0.5380368373459539,0.7272011084809666,-0.11255317301848988
2022-08-02,0.5487866376580297,0.7382999708907791,-0.10268252452469695
2022-08-03,0.5566090043234049,0.7557630708415668,-0.09909714384929103
2022-08-04,0.5849376663068437,0.7966129628692729,-0.08071881239690804
2022-08-05,0.596784175611718,0.8123218497570115,-0.07568365309488523
2022-08-08,0.6272219578660334,0.8560359523411831,-0.058928726451947355
2022-08-09,0.6343002468921839,0.8658016867910561,-0.0567670804757342
2022-08-10,0.6557177255865536,0.8922285380249175,-0.043007205486585875
2022-08-11,0.6556140299373565,0.8942425972923485,-0.047504123621840644
2022-08-12,0.6996672227378344,0.9540264459938381,-0.02106085597707974
2022-08-15,0.6962927964156385,0.9537744689484533,-0.018734265127179572
2022-08-16,0.7138031946768213,0.9718414811528842,-0.014567236739298606
2022-08-17,0.7470491031900033,1.0145298140541414,-0.012865700147580594
2022-08-18,0.7516743573575786,1.0251382834670588,-0.01195416268773175
2022-08-19,0.7109633839176048,0.9690322240493632,-0.03206875596839842
2022-08-22,0.689349936355244,0.9411434430529195,-0.04070665856410993
2022-08-23,0.7184593441522629,0.980622233022324,-0.020253494226927904
2022-08-24,0.7244439400638103,1.0003229091359405,-0.019897560552129878
2022-08-25,0.7296489005084368,1.0100795526934698,-0.014393610556470482
2022-08-26,0.7118969635643175,0.9940401913844321,-0.025097664727839475
2022-08-29,0.7215131037040345,1.0054659972288889,-0.02488931330844546
2022-08-30,0.6887129334223787,0.9564642657035127,-0.04131435020400931
2022-08-31,0.6893890751204406,0.961907290212237,-0.04919697890441732
2022-09-01,0.6884877710018571,0.9541023189331874,-0.041540064241686214
2022-09-02,0.6855123304098911,0.9449536014666797,-0.03755534334577504
2022-09-05,0.6968676482587,0.9489113352471104,-0.025931070405415535
2022-09-06,0.668355656306203,0.91222836343133,-0.04710478340133528
2022-09-08,0.6615744337916545,0.918261072760554,-0.04578522441183963
2022-09-09,0.6753256378694605,0.9300570496113765,-0.025088983418697808
2022-09-12,0.677789412657317,0.9245786629189379,-0.01547877419914745
2022-09-13,0.6374479146239902,0.8710554562263422,-0.03816303498567408
2022-09-14,0.6472226435706605,0.8846505169081975,-0.04030731834360446
2022-09-15,0.6462243602335653,0.892754285634545,-0.04545533466446561
2022-09-16,0.6322921261047876,0.8711791007664544,-0.051306537025781696
2022-09-19,0.654005971651985,0.8967217450666958,-0.029221286570012883
2022-09-20,0.6674754996894139,0.9170339054276075,-0.023205139335009783
2022-09-21,0.6503857839035827,0.8961933625428642,-0.028248979946173924
2022-09-22,0.6729134265038308,0.923063501340341,-0.009723066238386813
2022-09-23,0.6100377878450995,0.8252125262830978,-0.030158867957286062
2022-09-26,0.5897647509129469,0.8079432524161587,-0.05274763434325713
2022-09-27,0.5794186849003473,0.7882648847281861,-0.05915444048962393
2022-09-28,0.581409419689153,0.7944494167751899,-0.05850334230401766
2022-09-29,0.5541483477631812,0.7497593294227001,-0.06533553259831404
2022-09-30,0.5673833357098477,0.753317753157055,-0.04473478600572789
2022-10-03,0.6657891189449123,0.874331509375365,0.008195155829501033
2022-10-04,0.6619641423462319,0.8755561712483309,0.009028561507077093
2022-10-05,0.6756147783321034,0.88752886469269,0.017432068755970365
2022-10-06,0.6935907577770151,0.9166200336224017,0.020583383974305258
2022-10-07,0.672897120932985,0.8853026366111874,0.010287351332582961
2022-10-10,0.6881236472645167,0.8980128437973482,0.006519663165207357
2022-10-11,0.6604888218845182,0.8618094656205593,-0.003151315218332895
2022-10-13,0.6543179007375288,0.8488538147556539,-0.007726365135860447
2022-10-14,0.6250156756880525,0.8124968302412878,-0.02706832190294095
2022-10-17,0.66397651747348,0.8659001839178384,-0.013594930115459314
2022-10-18,0.7050069556460885,0.9189261264940418,0.004800763955206566
2022-10-19,0.7232581030142209,0.9381226720215954,0.009410539109299787
2022-10-20,0.7378175323161591,0.9550100146184615,0.017197673409152126
2022-10-21,0.7733134880994403,0.9983275040684922,0.041140724021184516
2022-10-24,0.729806596886809,0.9442870734500337,0.007144717423389402
2022-10-25,0.7307285573820026,0.9526053903898799,-0.004896258355758132
2022-10-26,0.6938445827905257,0.9005959986762411,-0.021060855977079407
2022-10-27,0.7187446891116034,0.9259308306573766,-0.004766038718636789
2022-10-28,0.737003098355925,0.9447358408090918,-0.0056515322510614086
2022-10-31,0.7303267155708375,0.9365172014185681,0.007353068842783417
2022-11-01,0.7427347517200711,0.9576567714932442,0.015096796596928641
2022-11-03,0.7423137810251861,0.9532237220824997,0.014810313395261732
2022-11-04,0.7346561890047183,0.9342092368741741,0.02574008160430763
2022-11-07,0.6981686017175124,0.8883926735893048,0.0013195589894972048
2022-11-08,0.707810351107462,0.8988819615099086,0.008420869867177494
2022-11-09,0.6901138822860051,0.8798645309710296,-0.01397690771768234
2022-11-10,0.6616263301720482,0.8500420398692452,-0.04700928900077983
2022-11-11,0.7204437105491779,0.9232070669856116,-0.025497004948344726
2022-11-14,0.7115711489843448,0.9017609419728001,-0.017614376247936825
2022-11-16,0.7035715098480237,0.9179225850331083,-0.04294643632259609
2022-11-17,0.6740439478079301,0.8758727722737725,-0.0476343432589621
2022-11-18,0.6630202384576243,0.8667246766503915,-0.05477906068234961
2022-11-21,0.6848377549057181,0.9025833919417092,-0.04724368434759829
2022-11-22,0.6827470466091903,0.9049044712270011,-0.05341609514714685
2022-11-23,0.6786871588255532,0.8967466712750138,-0.05648927858320907
2022-11-24,0.7259456212153348,0.9549254527072615,-0.029160517406023545
2022-11-25,0.6855266272112066,0.9126965043517217,-0.05393697369563211
2022-11-28,0.6822555840878837,0.9111309096977487,-0.055629828978208784
2022-11-29,0.6901508052290859,0.9200906633572405,-0.03715600312527012
2022-11-30,0.7084318310508033,0.943297961068134,-0.02347425991839447
2022-12-01,0.6943201098203091,0.9298980052683021,-0.037017102179007444
2022-12-02,0.7101423343192388,0.9517842128044021,-0.02835315565587171
2022-12-05,0.6718383746397905,0.9014331141599703,-0.05025609861967062
2022-12-06,0.6660385927694807,0.8926107989020677,-0.049110165813003426
2022-12-07,0.6585068424463063,0.8817000378721145,-0.05060335098532742
2022-12-08,0.6327724884225383,0.8487479128938744,-0.06897300112856908
2022-12-09,0.634082531332991,0.8460299459605587,-0.06511849986977924
2022-12-12,0.6173846857987599,0.8301969851098929,-0.0861706745377192
2022-12-13,0.59444044848348,0.8169148014874261,-0.0980814306797454
2022-12-14,0.5825950708338004,0.801272998358534,-0.09885406719333167
2022-12-15,0.5836821660874336,0.8006778400678443,-0.09941835228752394
2022-12-16,0.5857592138449814,0.8067029476397609,-0.10734438753363906
2022-12-19,0.5990529162220157,0.816448621769867,-0.09254275544752033
2022-12-20,0.6303797381743583,0.8591164878989113,-0.07128222936018636
2022-12-21,0.6370781897794038,0.8689785616683814,-0.06838267210695248
2022-12-22,0.6498411939751705,0.8835858286402198,-0.06834794687038681
2022-12-23,0.6774971424818768,0.9220028173923374,-0.04767774980466932
2022-12-26,0.664374638184932,0.9105505529335636,-0.056011806580431145
2022-12-27,0.6659393537977012,0.9112082465810105,-0.059406198454725834
2022-12-28,0.6972862365173043,0.94789008889019,-0.042998524177444875
2022-12-29,0.6951852935600562,0.945963526183067,-0.044786873860577114
2023-01-02,0.647828610143615,0.8905693006910314,-0.07651705877246184
2023-01-03,0.6242458604310182,0.8667628624697852,-0.09570275197499678
2023-01-04,0.6450916377280107,0.8965876111549962,-0.08556298289782005
2023-01-05,0.674598822190299,0.9251585211085906,-0.06660300373296202
2023-01-06,0.6731573757522169,0.9157018127942989,-0.05516103828457242
2023-01-09,0.6967773015822036,0.9488729920352028,-0.05176664641027773
2023-01-10,0.7077788045856548,0.9640717106801278,-0.03713864050698745
2023-01-11,0.7441616019587054,1.018005948955922,-0.029750846427640365
2023-01-12,0.7460826815192299,1.0217503955693,-0.028761177185518738
2023-01-13,0.7332761967292001,1.0078095488732557,-0.037103915270421894
2023-01-16,0.7292285001211798,1.0126360733876325,-0.051888184738257626
2023-01-17,0.7705872506266036,1.0636761888334996,-0.03256359058946001
2023-01-18,0.7660535234306389,1.055727991886029,-0.023769424429203045
2023-01-19,0.788443792889187,1.0878493227166075,-0.018959979164857144
2023-01-20,0.7765332260128266,1.0795755915498169,-0.02508030210955725
2023-01-23,0.7854207652943146,1.0946611516347002,-0.030219637121277065
2023-01-24,0.8021738174774484,1.1172446371987466,-0.01876899036374602
2023-01-25,0.8178570267834404,1.1358233214340276,-0.008637902595710623
2023-01-26,0.7955766659221564,1.1053898384120222,-0.009384495181872565
2023-01-27,0.7661246276653464,1.0659684410604378,-0.023335358972132236
2023-01-30,0.762589870304099,1.059990852091118,-0.028665682784963287
2023-01-31,0.7715139962906101,1.074185886861473,-0.014393610556471259
2023-02-01,0.7566198461805043,1.054737320617837,-0.025062939491274583
2023-02-02,0.7291167284362405,1.026547906450089,-0.04562027953815373
2023-02-03,0.7231021382882927,1.0202274320608788,-0.05816477124750352
2023-02-06,0.7347293191363911,1.0438927694442812,-0.058459935758311765
2023-02-07,0.7302705130930875,1.0449909814909084,-0.0631131174581121
2023-02-08,0.7471035945952926,1.0565048756335091,-0.046080388922648874
2023-02-09,0.7238956627294839,1.0261451846937435,-0.06430245681048641
2023-02-10,0.744118893937018,1.0486963754393948,-0.061116416355585734
2023-02-13,0.7521930888441815,1.052704287479794,-0.05507422519315841
2023-02-14,0.7456287236830734,1.0481408297226884,-0.06537893914402215
2023-02-15,0.7637926275255096,1.06291309465899,-0.04990016494487293
2023-02-16,0.7515654303985044,1.0470144436604896,-0.04588071881239608
2023-02-17,0.7405740535945049,1.0356735126478398,-0.051106866915530014
2023-02-22,0.696575089056114,0.9815108857394734,-0.06978036287872125
2023-02-23,0.72303686268323,1.0118586310063318,-0.06484937928639556
2023-02-24,0.7086481149009494,0.9984240307917902,-0.0808837572705956
2023-02-27,0.7113591935255272,1.0046007046555108,-0.08229012935150548
2023-02-28,0.697197509679502,0.9806414240434389,-0.08905286917267052
2023-03-01,0.6946164780646162,0.9882867009125536,-0.09380154527302642
2023-03-02,0.6927250331260455,0.992910150894611,-0.10299505165378864
2023-03-03,0.7251939044147528,1.037307082248963,-0.09830714471742263
2023-03-06,0.7439093321285384,1.0570193584026244,-0.09106693289347956
2023-03-07,0.7297997891468939,1.039339628473185,-0.09516451080822907
2023-03-08,0.7523359989081126,1.0625017229852234,-0.07509332407326941
2023-03-09,0.727506673140502,1.0303865207703589,-0.08784616720201321
2023-03-10,0.7274821385750718,1.051632995720425,-0.10046010938449434
2023-03-13,0.7012601262149349,1.0162112151633318,-0.10477472002777932
2023-03-14,0.7145987182308382,1.041668480191646,-0.10641548745550744
2023-03-15,0.7073419441624464,1.0290762662732296,-0.10864658390485205
2023-03-16,0.7242467403017252,1.0520165165088642,-0.1020487889573739
2023-03-17,0.7166981534036323,1.0508362204342347,-0.11466273113985503
2023-03-20,0.680906115977959,1.008200705210788,-0.12385623752061725
2023-03-21,0.6977836798825374,1.0334078878040662,-0.12320513933501087
2023-03-22,0.6834143554461498,1.0167976129719025,-0.12995051653789302
2023-03-23,0.6646183241110011,1.0037988709164467,-0.14987412101744857
2023-03-24,0.6730773339630967,1.0080699258345498,-0.14203489886274767
2023-03-27,0.6932317713398435,1.0363832233950965,-0.1347339178748148
2023-03-28,0.7091610226648222,1.0567689912482,-0.12158173452556564
2023-03-29,0.7260895235092379,1.083099617009704,-0.11630349856758315
2023-03-30,0.7443925832376863,1.1014694610339668,-0.09963538501605962
2023-03-31,0.7178969381319324,1.0726211371608634,-0.11553086205399687
2023-04-03,0.7331775957067805,1.1009967032988457,-0.11879503429117033
2023-04-04,0.7456149926434223,1.1134578548461866,-0.11564371907283533
2023-04-05,0.7186945701556768,1.07524012475354,-0.12337876551783922
2023-04-06,0.7150848283846944,1.0712148249337576,-0.12473304974390054
2023-04-10,0.7394026456549123,1.1035324335414534,-0.11583470787394656
2023-04-11,0.790490659194736,1.166968982631904,-0.07792343085337183
2023-04-12,0.8000014986947137,1.1740243814643927,-0.07205486587377286
2023-04-13,0.7939139952656993,1.1721499532257011,-0.07580519142286557
2023-04-14,0.7957808417802446,1.180453728545606,-0.07735914575917946
2023-04-17,0.8006398575905116,1.187329164136758,-0.07964233006337262
2023-04-18,0.8133594762354588,1.2053876024207222,-0.07836617761958409
2023-04-19,0.7886361179095811,1.1783763330358865,-0.09789912318777583
2023-04-20,0.7879899271272386,1.1697861431251577,-0.09395780883757177
2023-04-24,0.7936862571636132,1.182648033606681,-0.09760395867696747
2023-04-25,0.7778429731596881,1.1611130931929217,-0.10391527042277882
2023-04-26,0.755398761863195,1.1327554995105178,-0.11179789912318683
2023-04-27,0.7434786213008369,1.1094467819473062,-0.10649361923778011
2023-04-28,0.780753519101443,1.1505965952714807,-0.0933935237433795
2023-05-02,0.7446537062612457,1.102046591545046,-0.11514020314263296
2023-05-03,0.7338867986939837,1.0856398710594406,-0.11626877333101737
2023-05-04,0.7120067153252998,1.0312399623940118,-0.11299591978470258
2023-05-05,0.7391800802270225,1.0469280849489149,-0.08717770639812372
2023-05-08,0.7401610580044415,1.0471982342351605,-0.07941661602569561
2023-05-09,0.7486158676584485,1.058340171695908,-0.07011025262609483
2023-05-10,0.7571408365510461,1.0738062347958137,-0.06721069537286106
2023-05-11,0.7786704549792018,1.104208200167279,-0.06019619758659489
2023-05-12,0.7893046120431269,1.1248960422922152,-0.05839048528517998
2023-05-15,0.7876732714830428,1.1211753463830365,-0.05348554562027852
2023-05-16,0.7968959000505706,1.135550278571122,-0.06073443875336293
2023-05-17,0.8045170688780843,1.146121446546402,-0.04974390138032714
2023-05-18,0.813505358774145,1.1507664988855617,-0.044118413056688066
2023-05-19,0.8304351629445994,1.1684075942946048,-0.038588419133604446
2023-05-22,0.8204458407460655,1.1548915719137574,-0.04320687559683911
2023-05-23,0.8225262142339407,1.1529565150867662,-0.045672367393001956
2023-05-24,0.8025803970948284,1.1329323559070659,-0.05547356541366344
2023-05-25,0.8190634650750572,1.1589942072671615,-0.044587203750324655
2023-05-26,0.8376952247066634,1.1835752780416553,-0.03719072836183612
2023-05-29,0.8357179057493167,1.1874321238727634,-0.042165118499868925
2023-05-30,0.8237376832748413,1.174773815207605,-0.05402378678704667
2023-05-31,0.8208817671940059,1.1715845861865057,-0.059510374164423174
2023-06-01,0.8380092522332647,1.1992566255821324,-0.04015105477905989
2023-06-02,0.8634268440429593,1.2259047194865307,-0.022849205660212868
2023-06-05,0.8671995251945035,1.2290525020648184,-0.021651184998697115
2023-06-06,0.8958071903063907,1.2600610977007514,-0.00503515930202203
2023-06-07,0.9062437966889105,1.2731308312079923,0.002587030124143519
2023-06-09,0.9418682155508005,1.324100238942365,0.015878114419655365
2023-06-12,0.9572341437956282,1.3390359956929836,0.018630089417484896
2023-06-13,0.9674101371082542,1.3554710791956,0.013482073096623637
2023-06-14,1.0016483148424564,1.4082063096877282,0.03367479815956309
2023-06-15,1.0061883658875561,1.4068218201160954,0.03499435714905874
2023-06-16,0.9925739367250976,1.3859767205971352,0.030974911016582007
2023-06-19,1.0168638231129896,1.4185663507416244,0.04052435107214225
2023-06-20,1.0168660724195342,1.407330072227774,0.038475562114767436
2023-06-21,1.0150399576800764,1.398086031094734,0.04540324680961949
2023-06-22,0.9795912472578099,1.3475591430515501,0.03250282142547167
2023-06-23,0.9695806343252027,1.3322509326540741,0.03287611771855259
2023-06-26,0.954570552441212,1.3147093515862185,0.026504036808751463
2023-06-27,0.9562097816328305,1.3223510828023568,0.020253494226930124
2023-06-28,0.9600253231947777,1.344240491518638,0.012943831929855598
2023-06-29,0.9940590241454197,1.3847265421377424,0.027719420088549995
2023-06-30,0.9865644314308566,1.369298791934964,0.025149752582690033
2023-07-03,0.998805353618972,1.379614223797328,0.03891830888097991
2023-07-04,0.996825000417511,1.3761164446538956,0.033735567323553095
2023-07-05,1.0184635777583924,1.4060890934597015,0.03784182654744406
2023-07-06,0.9895528050965323,1.3735091564019726,0.019411407240212508
2023-07-07,0.9957640087014252,1.3703846389937087,0.03219029429638054
2023-07-10,0.9858966065873789,1.3627841602589412,0.023890962757184386
2023-07-11,0.9756664160720128,1.3518710332495614,0.017623057557080157
2023-07-12,0.9962460066999319,1.3687248432560457,0.02149492143415288
2023-07-13,1.0286140925243434,1.4106685456157697,0.03536765344213966
2023-07-14,0.9924914043416808,1.3582758496929275,0.021885580345516686
2023-07-17,0.9934018979501049,1.3590542744966698,0.026295685389357226
2023-07-18,0.9808342550089748,1.3421167591101555,0.02301415053390099
2023-07-19,0.9853972941498994,1.3520539905437854,0.02050525219203103
2023-07-20,0.9870288855997269,1.3463131523261986,0.025115027346124474
2023-07-21,1.0193571066967566,1.3898320793385537,0.043640941053911586
2023-07-24,1.0535203733388978,1.440868710855844,0.0534074138380074
2023-07-25,1.0535103726369535,1.44034658173896,0.05918916572619226
2023-07-26,1.064792228373431,1.449011703886916,0.06398124837225527
2023-07-27,1.024848642835929,1.3951040472041565,0.041670283878809666
2023-07-28,1.048674220990153,1.425208205330733,0.04338050177966912
2023-07-31,1.0864438947646922,1.4770015270509913,0.05862488063200022
2023-08-01,1.0804233195889066,1.47198935139836,0.05259137077871445
2023-08-02,1.0785987181009085,1.4673616828701581,0.049214341522702654
2023-08-03,1.0879605227189395,1.473195321632287,0.04684434412709537
2023-08-04,1.048611410552374,1.4041417573028512,0.037485892872646254
2023-08-07,1.0534968950505457,1.4148237779652453,0.03637468530254462
2023-08-08,1.0535074925145538,1.4212932086989043,0.033857105651533104
2023-08-09,1.056370188067902,1.4310604466778698,0.027945134126227122
2023-08-10,1.0549262114010065,1.4297282864363856,0.027432936886883308
2023-08-11,1.0757400262628765,1.4638141048983586,0.02495876378157913
2023-08-14,1.073897039111229,1.4587505939648628,0.01406372080909879
2023-08-15,1.0571506677099314,1.436273336681933,0.00851636426773239
2023-08-16,1.0640080681302155,1.452587143825272,0.0034898862748509174
2023-08-17,1.061193902967446,1.4534516520030274,-0.0018057123014143528
2023-08-18,1.069962272397409,1.4662108006547871,0.0019012067019714696
2023-08-21,1.0550969450453218,1.4556804756027093,-0.0066064762566186985
2023-08-22,1.075979902107278,1.4842292332642768,0.008386144630611048
2023-08-23,1.1132449587015496,1.5366232919325817,0.025566455421478285
2023-08-24,1.0975474861709702,1.512138554692807,0.015938883583645147
2023-08-25,1.0866474476696517,1.4978391865049736,0.005616807014498404
2023-08-28,1.113360378277085,1.5342562973723366,0.01676360795207965
2023-08-29,1.1245484208218408,1.539388342984139,0.027901727580519564
2023-08-30,1.1262330538765815,1.552798433775143,0.0203576699366268
2023-08-31,1.1002112051465733,1.5268596325958872,0.004792082646063456
2023-09-01,1.134749684953852,1.5729651320703457,0.023465578609254578
2023-09-04,1.1313235429544433,1.568725442240385,0.02245854674885006
2023-09-05,1.1396374587317681,1.582210745677068,0.018586682871777338
2023-09-06,1.125654442277792,1.5714767643978726,0.006901640767428052
2023-09-08,1.1025768018805486,1.5319826059024244,0.0010678010243947433
2023-09-11,1.1173949323644523,1.5386862552948397,0.014697456376421725
2023-09-12,1.131428966157693,1.5487162109061199,0.024116676794860625
2023-09-13,1.1365765061048436,1.5505390935927315,0.025922389096275644
2023-09-14,1.150397595505059,1.5627099462844232,0.036478861012240626
2023-09-15,1.1456177718189209,1.5505766060378638,0.03097491101658134
2023-09-18,1.1441015013711868,1.5591021929983655,0.026894695720114603
2023-09-19,1.1394242366294165,1.5491160077023047,0.02305755707960766
2023-09-20,1.1595012863994145,1.5732135993175262,0.03042798854067197
2023-09-21,1.1254417147824913,1.5252903591910614,0.008290650230054819
2023-09-22,1.1250370220316404,1.5278717483771969,0.007109992186821845
2023-09-25,1.119204209343561,1.514881110042909,0.006380762218942682
2023-09-26,1.0899367676422393,1.4812887565783637,-0.008655265213994179
2023-09-27,1.1004694902925873,1.4991796180186059,-0.007491969789043984
2023-09-28,1.1071184160034098,1.5019251946527952,0.004696588245507671
2023-09-29,1.1196175767281216,1.51750267463922,0.01193680006945086
2023-10-02,1.0991150353565229,1.4903019846764582,-0.0011546141158083056
2023-10-03,1.0817655244100535,1.4633059262862784,-0.015374598489451885
2023-10-04,1.0644525684790844,1.4324753014720972,-0.013742512370865101
2023-10-05,1.060552891898758,1.4259338431085116,-0.016546575223543303
2023-10-06,1.079036484652121,1.446355846475765,-0.008854935324246527
2023-10-09,1.1245259634143143,1.5131525234391021,-0.0002951645108079104
2023-10-10,1.156177254212821,1.5568223448285456,0.013429985241774745
2023-10-11,1.1608548060112263,1.5607266451527613,0.016155916312180052
2023-10-13,1.1612273322656712,1.5600739531025547,0.00489625835576013
2023-10-16,1.1852393944014707,1.600614648736637,0.011667679486066618
2023-10-17,1.1876470245734883,1.6108464312029058,0.006233179963538671
2023-10-18,1.187631123714345,1.6230165377084478,-0.009809879329802818
2023-10-19,1.184969650024255,1.6177499291041633,-0.010296032641722297
2023-10-20,1.1761251558160377,1.607335185321372,-0.017666464102786716
2023-10-23,1.1560670501766346,1.5746276040327327,-0.020878548485111614
2023-10-24,1.1581956352062237,1.5802227527977952,-0.01239690945394556
2023-10-25,1.1462641762924384,1.5690314606564906,-0.020487889573747697
2023-10-26,1.1743174738937983,1.5968906469966169,-0.0035853806754058137
2023-10-27,1.1396522577384727,1.554006838278542,-0.016398992968139625
2023-10-30,1.1231021659122802,1.5336769454476875,-0.02307491969789044
2023-10-31,1.1324184573276215,1.5450075739427755,-0.01776195850334239
2023-11-01,1.1661801396628997,1.5963589714048374,-0.001189339352374419
2023-11-03,1.2077225073554372,1.6519397698935818,0.025783488150012968
2023-11-06,1.2179404987786997,1.6584112426765798,0.02862227623925695
2023-11-07,1.2068600215646974,1.6328990901379172,0.03540237867870499
2023-11-08,1.20672461198152,1.631779996513051,0.03393523743380533
2023-11-09,1.2021841914518774,1.6316986823593251,0.033179963538501944
2023-11-10,1.2301472464639942,1.66207612509149,0.047278409584165626
2023-11-13,1.2265844844223022,1.660987162914188,0.0450212692073968
2023-11-14,1.2551525139270145,1.7063841448447956,0.07064849379286442
2023-11-16,1.2673280421758646,1.7131763537345277,0.08148276760135476
2023-11-17,1.293157399225647,1.7582491876090653,0.08570188384408417
2023-11-20,1.2981806122569002,1.7554680441216957,0.09466967618716948
2023-11-21,1.275067983547625,1.719676981747039,0.09043319732615718
2023-11-22,1.2782137265884934,1.7031611543086016,0.09414879763868433
2023-11-23,1.2887285177006724,1.7057159655025131,0.09884538588419178
2023-11-24,1.2753406694201352,1.6842287573608927,0.08986891223196491
2023-11-27,1.2795851144757493,1.6877965766034562,0.09109297682090478
2023-11-28,1.2816885379174883,1.6857075419520906,0.09851549613681754
2023-11-29,1.282086697676573,1.6944792090305993,0.09472176404201771
2023-11-30,1.3160530248205475,1.7554255085224275,0.10539977428596248
2023-12-01,1.3336918750870752,1.7938604730654726,0.11210174494313763
2023-12-04,1.3197501295777414,1.7789168359907093,0.10081604305929348
2023-12-05,1.3222317302078226,1.780730910314372,0.10168417397343554
2023-12-06,1.2943035643676941,1.7470858909031524,0.09057209827241985
2023-12-07,1.3017534204386165,1.7556486503347872,0.09393176491014876
2023-12-08,1.3316000303521145,1.7902986977561262,0.10334230401944655
2023-12-11,1.3422572108260296,1.8091884406159817,0.101797030992274
2023-12-12,1.3303935362741188,1.798620281742635,0.09734351940272634
2023-12-13,1.3822275173840906,1.862341372609293,0.12392568799374981
2023-12-14,1.3983710130384162,1.8784371301126463,0.13587985068148312
2023-12-15,1.3843241471092091,1.8585795739208737,0.13028040628526827
2023-12-18,1.3910367397538677,1.8650406058611089,0.1379807274937066
2023-12-19,1.4018026513018307,1.867443046870576,0.14463929160517464
2023-12-20,1.401357654968093,1.8566116981952816,0.13554996093410931
2023-12-21,1.4044884864619371,1.8566191905371414,0.14751280493098395
2023-12-22,1.421144085317477,1.87957173549766,0.15246983245073387
2023-12-26,1.4364676696296108,1.897022239701407,0.15924125358104013
2023-12-27,1.441780409231662,1.9034322511950994,0.16497959892351766
2023-12-28,1.441304957859427,1.8998934361513204,0.16490146714124498
2024-01-02,1.4283740223543617,1.8846468821815172,0.15198367913881428
2024-01-03,1.4386520259414128,1.900443212160427,0.15317301849118858
2024-01-04,1.4077513755046143,1.8605936828930734,0.13921347339178758
2024-01-05,1.4178166883275654,1.8774583463140808,0.14613247677749808
2024-01-08,1.4177713171747826,1.8804569027372056,0.149639725670631
2024-01-09,1.4166981435445165,1.8869464615872285,0.14113204271204083
2024-01-10,1.4224751293967839,1.900483631078556,0.13587116937234112
2024-01-11,1.4243442815770448,1.9048613683041604,0.13420435801718877
2024-01-12,1.4333363302044217,1.913899789887652,0.13714732181612965
2024-01-15,1.4432517302154722,1.920707528665044,0.14177445958850576
2024-01-16,1.4102152661237835,1.8825538862329894,0.12244118413056682
2024-01-17,1.4002334119577347,1.8700891562097945,0.11575657609167456
2024-01-18,1.3732138383972088,1.838231462139861,0.10526955464884091
2024-01-19,1.3747442803611851,1.8406210704440493,0.10804757357409489
2024-01-22,1.3757623828332988,1.8513911612852971,0.09907109992186802
2024-01-23,1.4154408429416478,1.9068997920122248,0.11349075440576417
2024-01-24,1.4106171918102381,1.9090751743546797,0.10961020921955011
2024-01-25,1.4394867551977493,1.9506006555577429,0.112674711346471
2024-01-26,1.457342917174549,1.9636453905991238,0.11960239604132283
2024-01-29,1.4436459456618955,1.9554811239549865,0.11557426859970454
2024-01-30,1.4425088502112118,1.959455697202244,0.10601614723500274
2024-01-31,1.440532925250272,1.955524752659978,0.10905460543449941
2024-02-01,1.4421946678474091,1.957284028220506,0.11538327979859342
2024-02-02,1.419301722607924,1.9224594769355146,0.10410625922389083
2024-02-05,1.4332380408365135,1.9376727551505923,0.10767427728101375
2024-02-06,1.4553776196666282,1.9397942372437433,0.13218161298723818
2024-02-07,1.4556438741577096,1.937942572602148,0.12516711520097212
2024-02-08,1.4331389190330932,1.9231109661171146,0.11309141418525903
2024-02-09,1.428380224578023,1.9303171680904043,0.11143328413924802
2024-02-14,1.4238010297109809,1.9298051299303016,0.10268252452469806
2024-02-15,1.4537717450319416,1.9722527083410317,0.109506033509853
2024-02-16,1.467927445329702,1.9941161908842377,0.11751020053824068
2024-02-19,1.4786499585844344,2.0143587799778793,0.12020140637208043
2024-02-20,1.4815516245458937,2.007727556229544,0.12784095841652876
2024-02-21,1.4801322765325935,1.9926879504633064,0.12884799027693328
2024-02-22,1.4763483947632956,1.9962887549378396,0.13066238388748963
2024-02-23,1.4583291956333362,1.971223945608151,0.12352634777324356
2024-02-26,1.485827461249905,2.000409964078745,0.125175796510113
2024-02-27,1.5138221025840992,2.034205261769509,0.14323291952426365
2024-02-28,1.4864241316330644,1.9992058195689055,0.1299157913013278
2024-02-29,1.4905252375461058,2.016865720340049,0.12006250542581776
2024-03-01,1.5161411037242356,2.0702577489630807,0.12145151488844474
2024-03-04,1.5284162074816243,2.0983889561992455,0.11416789651879466
2024-03-05,1.5235459859036555,2.0891992260734837,0.11205833839743007
2024-03-06,1.5158048266753386,2.0826228106128037,0.11893393523743345
2024-03-07,1.5014154106412194,2.0567437308569656,0.11415921520965333
2024-03-08,1.4640826211568774,2.003492389035694,0.1031426339091932
2024-03-11,1.4504884206653847,1.9806985143397209,0.09492143415226995
2024-03-12,1.4889436813320698,2.0298588210248965,0.10832537546662002
2024-03-13,1.496226890858308,2.0317915413680794,0.11125965795641934
2024-03-14,1.5310682191083531,2.098371946743896,0.10851636426773115
2024-03-15,1.5294961373880263,2.093341052308755,0.10028648320166633
2024-03-18,1.5427298880532736,2.1209827468130795,0.10212692073964691
2024-03-19,1.5807061514264706,2.1822856913061126,0.10711867349596238
2024-03-20,1.598276112397011,2.2093525585563447,0.12097404288566627
2024-03-21,1.5737213419383478,2.171370010593188,0.11258789825505588
2024-03-22,1.6129394820274667,2.261611846013947,0.10276065630697007
2024-03-25,1.6214959155919528,2.284641189974495,0.10192725062939378
2024-03-26,1.6104894327247758,2.2626341982961162,0.1013369216077773
2024-03-27,1.6222462755084468,2.2830779639012557,0.10852504557687181
2024-03-28,1.6399308219210695,2.315654093110568,0.1121277888705603
2024-04-01,1.6158246515804913,2.28649770466624,0.10243944786873738
2024-04-02,1.6402008220400437,2.3237723231714247,0.10729229967879039
2024-04-03,1.6440837509887691,2.335614358035279,0.10528691726712269
2024-04-04,1.6484229676747355,2.339171443545414,0.10624186127267876
2024-04-05,1.636087678606819,2.328196790930717,0.10074659258616081
2024-04-08,1.6572761876812305,2.3527672726259654,0.11864745203576565
2024-04-09,1.6868375494502454,2.387512439568251,0.12761524437885097
2024-04-10,1.6943442085606168,2.4170274523787514,0.11167636079520649
2024-04-11,1.6788725360848566,2.3952364242613142,0.10596405938015296
2024-04-12,1.6516307810143949,2.352049264844252,0.09337616112509606
2024-04-15,1.6640463824718594,2.3706003922648775,0.0880631999305479
2024-04-16,1.6580924994422754,2.3694107654293353,0.0798593627919073
2024-04-17,1.6523420604356818,2.3697110625351057,0.07796683739907806
2024-04-18,1.656257939581979,2.3774127606503055,0.07818387012761363
2024-04-19,1.6661977988848684,2.3836237345887965,0.08624012501084999
2024-04-22,1.6779970636556318,2.4067475742383433,0.09013803281534671
2024-04-23,1.669523774124051,2.3936062162084246,0.08644847643024378
2024-04-24,1.663352299379726,2.3872151225651708,0.08291518360968642
2024-04-25,1.6842778284664743,2.4350944590868155,0.08209045924125169
2024-04-26,1.72888640941795,2.4966813179722203,0.09841132042711864
2024-04-29,1.7507083648545136,2.532951662652324,0.10558208177793027
2024-04-30,1.735915542636362,2.5223838798596168,0.09318517232398471
2024-05-02,1.7575262884190113,2.5450843919421287,0.10358538067540413
2024-05-03,1.7840169063301756,2.581843089678162,0.11562635645455144
2024-05-06,1.7881297843274289,2.5878608991179393,0.11525306016147052
2024-05-07,1.780070252864368,2.591735480691409,0.12171195416268588
2024-05-08,1.787073101842183,2.6016348915777168,0.12406458894001049
2024-05-09,1.795292065494836,2.628215569707838,0.11283965622015635
2024-05-10,1.7772404570700564,2.5981278504676664,0.10773504644500242
2024-05-13,1.7958265807625344,2.629027632547458,0.11255317301848966
2024-05-14,1.8234278817240073,2.689775988465591,0.11567844430940033
2024-05-15,1.8526188693845476,2.7341499344241798,0.11145064675752958
2024-05-16,1.859935239414229,2.724245327084082,0.11367306189773263
2024-05-17,1.8678767354446482,2.7468650151639404,0.11251844778192388
2024-05-20,1.859437195734233,2.7338609105637195,0.10904592412535652
2024-05-21,1.853401463316192,2.7419946985663297,0.10610296032641564
2024-05-22,1.8174764036346187,2.693922797945038,0.0908064936192361
2024-05-23,1.8048020954677648,2.6657802558851773,0.08281100789998974
2024-05-24,1.7867111631534485,2.643087082873771,0.0791388141331697
2024-05-27,1.7968850562826888,2.662908611892759,0.08078826287003915
2024-05-28,1.7829668179002178,2.6367674053725594,0.07457244552478359
2024-05-29,1.7662285794180375,2.611090662054026,0.06525740081604159
2024-05-31,1.7627212355612856,2.6111351024317546,0.059970483548917874
2024-06-03,1.7624008013145471,2.621924376717626,0.05939751714558428
2024-06-04,1.770873283986523,2.6434250968040334,0.05740081604305791
2024-06-05,1.7577343968984493,2.614540178337415,0.053971698932197665
2024-06-06,1.7824295083664237,2.6392353965754607,0.06692421217119415
2024-06-07,1.765326712459256,2.6266823901192136,0.04841566108168971
2024-06-10,1.7903286959211688,2.6708629619896658,0.048354891917699705
2024-06-11,1.8040311262363113,2.6909405502340435,0.05595103741644092
2024-06-12,1.7889889044957235,2.680473910823802,0.04120149318517097
2024-06-13,1.773752441203981,2.6558750057813767,0.03800677142112896
2024-06-14,1.7400248281127508,2.5762159550166266,0.03882281448042235
2024-06-17,1.729408675420565,2.575091156622052,0.034273808490319135
2024-06-18,1.7460797013318627,2.5938251471510263,0.038545012587897
2024-06-19,1.7605297465595662,2.6123685810442487,0.04402291865613206
2024-06-20,1.7609050785802944,2.6093927134148704,0.0456289608472944
2024-06-21,1.8158255797738456,2.6905692270818946,0.053398732528863846
2024-06-24,1.8493664482687602,2.7287839440679305,0.06464970917614221
2024-06-25,1.8553220679619677,2.7389080702596424,0.06199322857886824
2024-06-26,1.8688127971497903,2.752919661317811,0.06468443441270777
2024-06-27,1.9147025766947965,2.769919493220695,0.07915617675145237
2024-06-28,1.8867223287689976,2.7159511952908804,0.07567497178574345
2024-07-01,1.933177792839925,2.7865179567959584,0.08271551349943373
2024-07-02,1.932837949673356,2.784879581901605,0.08331452383019178
2024-07-03,1.9321391647696489,2.795870665704205,0.09091066932893299
2024-07-04,1.9297866397573404,2.7894515483968956,0.09526868651792508
2024-07-05,1.911621357296125,2.757509398212594,0.09616286135949115
2024-07-08,1.9353624951071566,2.808072097376789,0.09860230922822977
2024-07-09,1.9617820837989854,2.862325065763772,0.10346384234742434
2024-07-10,1.9723739286074053,2.8835853675362486,0.10441878635298019
2024-07-11,2.012430005199162,2.941416228966888,0.11375987498914664
2024-07-12,2.011001969912754,2.932103357735109,0.1189947044014219
2024-07-15,2.0395237100570887,2.9745169002648555,0.12267557947738328
2024-07-16,2.0268157670131854,2.956893741899791,0.12084382324854404
2024-07-17,2.0507948238342695,2.9938170351136995,0.12379546835662647
2024-07-18,2.0325279473546836,2.978348877850465,0.10818647452035601
2024-07-19,2.0284374398457583,2.9716724513206056,0.1078739473912651
2024-07-22,1.9918176975204034,2.8891226929084834,0.10999218682177125
2024-07-23,2.006469228251408,2.9457598458288126,0.0989669242121698
2024-07-24,2.0136392958104374,2.9557133182040674,0.0975171455855528
2024-07-25,2.0003454034715342,2.9368896613164637,0.0934456115982274
2024-07-26,2.0604535712207843,3.020421217606744,0.10679746505772902
2024-07-29,2.049010072165734,2.9946957231779163,0.1021269207396458
2024-07-30,2.0775510765709266,3.0459817262029123,0.09505165378938973
2024-07-31,2.113628790462864,3.102097282861153,0.10818647452035601
2024-08-01,2.091603468237861,3.0437525651819124,0.10595537807101141
2024-08-02,1.9973947468413455,2.88511994175443,0.09257748068408556
2024-08-05,1.9747183851779107,2.8482791200683977,0.08750759614549719
2024-08-06,1.9654090373520194,2.836903233245968,0.09616286135949159
2024-08-07,1.9784461672345497,2.849227672801332,0.1069884538588406
2024-08-08,2.0681937099179772,3.0010371475240794,0.11694591544404775
2024-08-09,2.1175545727280216,3.066348106552333,0.13390919350637942
2024-08-12,2.137918427912174,3.123148800772616,0.13825852938623018
2024-08-13,2.1747429545863715,3.1610381019486216,0.14938796770552876
2024-08-14,2.265332996348978,3.27549368862881,0.15737477211563378
2024-08-15,2.2717095945193937,3.285654310710643,0.16462366524871808
2024-08-16,2.2607088989742907,3.270330994191246,0.1628874034204344
2024-08-19,2.273960403336834,3.2709652821016446,0.1787307926035231
2024-08-20,2.287963882813103,3.288262595655209,0.1814133171282215
2024-08-21,2.2907126906820547,3.2918563905411533,0.1846861706745362
2024-08-22,2.2921646564420923,3.3155358060460607,0.17347860057296494
2024-08-23,2.2724068882253152,3.289142158928973,0.17725497004948187
2024-08-26,2.3375766173303134,3.404366403136475,0.18837572705963912
2024-08-27,2.3178430778974124,3.362743677696473,0.18739473912665883
2024-08-28,2.3551192334321596,3.42793945197836,0.19232572271898474
2024-08-29,2.331168144261276,3.4011651794782773,0.18101397690771637
2024-08-30,2.3388406238026853,3.422380742773445,0.1806927684694839
2024-09-02,2.306823219561817,3.3749521102772615,0.17181178921781282
2024-09-03,2.289330351844361,3.351166926301504,0.16635992707700198
2024-09-04,2.3479907371316004,3.4441467023438115,0.18162166854761574
2024-09-05,2.352440851258646,3.4525648107128175,0.1850160604219102
2024-09-06,2.291011909155238,3.357581513144024,0.16826113377897234
2024-09-09,2.2950615439633855,3.368021361356064,0.16969354978730644
2024-09-10,2.2934943146805127,3.363058256704595,0.16607344387533485
2024-09-11,2.301737040019779,3.3900321202796073,0.1691726712388213
2024-09-12,2.293318824706958,3.3965570812511983,0.16354718291518222
2024-09-13,2.307386504297747,3.4273809682385314,0.1709523396128123
2024-09-16,2.2852537371306227,3.374474214640353,0.17300112857018712
2024-09-17,2.279799547404832,3.3588370572713107,0.17162948172584302
2024-09-18,2.231723711246168,3.289263936874554,0.16110773504644382
2024-09-19,2.2288452958451157,3.289529789120567,0.1556819168330572
2024-09-20,2.2193279407537596,3.3007277718135857,0.13781578262001792
2024-09-23,2.23085322525038,3.3354742508323625,0.13350117197673295
2024-09-24,2.28563908840027,3.431845201271221,0.1472870908933055
2024-09-25,2.261443016544416,3.405272493446569,0.14233874468269692
2024-09-26,2.250846130384884,3.36583676515992,0.15470092890007692
2024-09-27,2.2220482048427725,3.308693105572969,0.15227016234047985
2024-09-30,2.2176015619828235,3.3045158120746745,0.14433544578522328
2024-10-01,2.2479527675021536,3.337410757251611,0.1502300546922466
2024-10-02,2.254858984468178,3.336374196913848,0.15908499001649345
2024-10-03,2.2292302777146307,3.3037893761980497,0.1430853372688592
2024-10-04,2.241982896738434,3.3221865522550456,0.14412709436582927
2024-10-07,2.253477367895193,3.3477472514744155,0.14608907023178985
2024-10-08,2.2346351164900318,3.310134297893055,0.14169632780623198
2024-10-09,2.2136483055236407,3.2910298645895972,0.12824029863703323
2024-10-10,2.238004389077488,3.345627056609638,0.13163469051132792
2024-10-11,2.2039798078888966,3.2846172647366725,0.1285007379112757
2024-10-14,2.2345863999779096,3.3201416747458223,0.13729490407153255
2024-10-15,2.2336185538328643,3.303335901669409,0.13762479381890635
2024-10-16,2.2801771795428043,3.3920983068310644,0.14376247938188924
2024-10-17,2.272954811497528,3.373322876891832,0.13545446653355175
2024-10-18,2.261829685501611,3.352717011088588,0.13290216164597468
2024-10-21,2.277753524296094,3.38979223127442,0.13171282229360037
2024-10-22,2.2726619670155648,3.3717370193200598,0.12614810313395108
2024-10-23,2.2489282157995807,3.3352851627806563,0.12191162427293878
2024-10-24,2.264326989600409,3.3629640186448686,0.12915183609688174
2024-10-25,2.2668484517032694,3.36724830579689,0.12764128830627497
2024-10-28,2.2813276540911955,3.3714295105700183,0.13910061637294757
2024-10-29,2.2976841523714704,3.404393310154661,0.13490754405764238
2024-10-30,2.290359119515137,3.3811241301708597,0.13411754492577344
2024-10-31,2.2703394917818778,3.3570545029381105,0.12607865266081997
2024-11-01,2.233202591430357,3.308441220655821,0.11225800850768164
2024-11-04,2.275060317561335,3.358378904883118,0.13304106259223758
2024-11-05,2.2762697356762636,3.350973089765372,0.13430853372688456
2024-11-06,2.2976939988655967,3.3970848711980475,0.13153051480163058
2024-11-07,2.2693345015360227,3.361275098983544,0.12580953207743573
2024-11-08,2.2959142694390984,3.4482424695917535,0.10973174754752857
2024-11-11,2.3314907567542025,3.520984787596939,0.11011372514975082
2024-11-12,2.3298209406974006,3.498689799700087,0.10858581474086115
2024-11-13,2.3787415648263983,3.5923742862261347,0.10889834186995229
2024-11-14,2.386806349554851,3.6090743031791526,0.10940185780015477
2024-11-18,2.3936578179841086,3.6182468142244666,0.10919350638076075
2024-11-19,2.386606850488988,3.59433057469784,0.11291778800242924
2024-11-21,2.3801849413731815,3.604627414238661,0.10184911884712067
2024-11-22,2.4600703742907446,3.7277653785854277,0.12098272419480716
2024-11-25,2.4503347825116966,3.7213464422045677,0.12020140637207954
2024-11-26,2.4776928092949158,3.770166253473068,0.12789304627137632
2024-11-27,2.4346701562035817,3.7064682661597494,0.10833405677576047
2024-11-28,2.4110734868530384,3.669362854493336,0.08177793211216122
2024-11-29,2.4719920312486985,3.780707582048337,0.0909627571837821
2024-12-02,2.456668018977002,3.7557859735339196,0.08721243163468939
2024-12-03,2.465761595899265,3.742287535026522,0.0950516537893904
2024-12-04,2.4631154737082697,3.7151280833334024,0.09460022571403659
2024-12-05,2.502293241143866,3.771374574766929,0.10997482420348859
2024-12-06,2.4726300820442297,3.7397866705262413,0.0933761611250965
2024-12-09,2.5040689441848136,3.7772781631354446,0.10434933587984951
2024-12-10,2.4927814055876243,3.7588946131337124,0.11318690858581348
2024-12-11,2.5468514374284763,3.8385642135039566,0.12503689556384967
2024-12-12,2.4589747777444666,3.7133966925413144,0.09420956680267256
2024-12-13,2.452400672300328,3.717924880376832,0.08179529473044411
2024-12-16,2.451317055017825,3.7172716645594006,0.0726625575136719
2024-12-17,2.5058612088630583,3.7906123116168446,0.08254188731660617
2024-12-18,2.404745194628341,3.6567348834413727,0.048459067627397046
2024-12-19,2.404294404888664,3.6631833341351028,0.05207049223022708
2024-12-20,2.3867239411538903,3.638602346506546,0.060005208785483655
2024-12-23,2.371209159382464,3.620757621036999,0.04841566108168993
2024-12-26,2.4014386573696678,3.675136538138033,0.051115548224671015
2024-12-27,2.373724944893573,3.6474660214262657,0.0440923691292634
2024-12-30,2.3856120828686,3.6722287786234977,0.044213907457243184
2025-01-02,2.432674087830582,3.7655509398923916,0.042842260612899086
2025-01-03,2.3921149088844356,3.708932972741798,0.029021616459760757
2025-01-06,2.405578693367419,3.7018020366825244,0.04194808577133302
2025-01-07,2.450961071233896,3.7871425618269283,0.05185345950169151
2025-01-08,2.4108675284991268,3.7258210588721763,0.038501606042189884
2025-01-09,2.4188160447941853,3.734037803345614,0.03985589026825109
2025-01-10,2.405416907667469,3.7186450981140524,0.03182567931243896
2025-01-13,2.4032792239992435,3.704457679786464,0.033136556992793276
2025-01-14,2.400460956438699,3.704128389047657,0.03567149926208746
2025-01-15,2.457437175988822,3.779771101870156,0.06476256619498089
2025-01-16,2.433214058706503,3.7690618163020257,0.05246983245073222
2025-01-17,2.4596426422709428,3.793808698450257,0.06215817345255514
2025-01-20,2.4871331846114795,3.839881683578737,0.06383366611684904
2025-01-21,2.499108202633232,3.8635564138782694,0.07073530688427665
2025-01-22,2.4739056250034532,3.8127637405403725,0.06755794773851753
2025-01-23,2.4767678064888354,3.8123583349835597,0.06331278756836389
2025-01-24,2.452183161282284,3.7692992248045663,0.06300026043927276
2025-01-27,2.4909883490344984,3.8023108411502866,0.08396562201579849
2025-01-28,2.4829141917308633,3.7915469974569564,0.0769684868478151
2025-01-29,2.460214803868206,3.7524360510472548,0.07155134994356982
2025-01-30,2.524391877763441,3.8360994114349545,0.10177098706484777
2025-01-31,2.5203938902367606,3.8387663786020623,0.09501692855282418
2025-02-03,2.517859047501762,3.8420066445216667,0.09358451254449007
2025-02-04,2.4599321365471982,3.7536158576191614,0.08643979512110267
2025-02-05,2.5514380854277086,3.9561564124176902,0.0898000721633807
